Date,Open,High,Low,Close,Adj Close,Volume,Sma_30,Sma_10,MAC_10_30,MovStd_10,Zscore,Bollinger Entry,Bollinger ExitLong,Bollinger ExitShort,Bollinger_10_1_.05
2020-02-14,183.25,185.410004,182.649994,185.350006,183.407059,23149500,,,,,,,,,
2020-02-18,185.610001,187.699997,185.5,187.229996,185.267365,27792200,,,,,,,,,
2020-02-19,188.059998,188.179993,186.470001,187.279999,185.822998,29997500,,,,,,,,,
2020-02-20,186.949997,187.25,181.100006,184.419998,182.985229,36862400,,,,,,,,,
2020-02-21,183.169998,183.5,177.25,178.589996,177.200607,48572600,,,,,,,,,
2020-02-24,167.770004,174.550003,163.229996,170.889999,169.560516,68311100,,,,,,,,,
2020-02-25,174.199997,174.839996,167.649994,168.070007,166.762451,68073300,,,,,,,,,
2020-02-26,169.710007,173.259995,168.210007,170.169998,168.8461,56206100,,,,,,,,,
2020-02-27,163.320007,167.029999,157.979996,158.179993,156.949387,93174900,,,,,,,,,
2020-02-28,152.410004,163.710007,152,162.009995,160.74,97073600,,173.7541712,,10.5977371,-1.228014158,1,1,0,1
2020-03-02,165.309998,172.919998,162.309998,172.789993,171.445724,71030800,,172.5580377,,10.04794958,-0.110700565,0,1,0,1
2020-03-03,173.800003,175,162.259995,164.509995,163.230148,71677000,,170.354316,,9.34267538,-0.762540462,0,1,0,1
2020-03-04,168.490005,170.699997,165.619995,170.550003,169.223145,49814400,,168.6943307,,7.60127301,0.069569176,0,0,-1,0
2020-03-05,166.050003,170.869995,165.690002,166.270004,164.97644,47817300,,166.8934518,,5.746259182,-0.333610396,0,1,0,0
2020-03-06,162.610001,163.110001,156,161.570007,160.313034,72821100,,165.2046945,,4.780991172,-1.023147779,1,1,0,1
2020-03-09,151,157.75,150,150.619995,149.448196,70419300,,163.1934625,,6.62121516,-2.075943187,1,1,0,1
2020-03-10,158.160004,161.029999,152.580002,160.919998,159.668076,65354400,,162.484025,,6.576237248,-0.42820064,0,1,0,1
2020-03-11,157.130005,157.699997,151.149994,153.630005,152.434784,56371600,,160.8428934,,6.85403518,-1.226738582,1,1,0,1
2020-03-12,145.300003,153.470001,138.580002,139.059998,137.978134,93226400,,158.9457681,,9.969103217,-2.103261812,1,1,0,1
2020-03-13,147.5,161.910004,140.729996,158.830002,157.594345,92727400,,158.6312026,,9.955817575,-0.104145902,0,1,0,1
2020-03-16,140,149.350006,135,135.419998,134.36647,87905900,,154.9232772,,11.44621681,-1.795947739,1,1,0,1
2020-03-17,140,147.5,135,146.570007,145.429733,81059800,,153.1432357,,11.39483663,-0.676929644,0,1,0,1
2020-03-18,138,146,135.020004,140.399994,139.307724,81593200,,150.1516936,,10.60369629,-1.022659392,1,1,0,1
2020-03-19,142.770004,150.149994,139,142.710007,141.599747,85922700,,147.8140243,,9.490703535,-0.654775199,0,1,0,1
2020-03-20,146,147.100006,135.860001,137.350006,136.281433,84866200,,145.4108642,,9.004225652,-1.013905199,1,1,0,1
2020-03-23,137.009995,140.570007,132.520004,135.979996,134.922089,78975200,,143.9582535,,9.441623536,-0.957056217,0,1,0,1
2020-03-24,143.75,149.600006,141.270004,148.339996,147.185944,82516700,,142.7100403,,7.819757001,0.572383988,0,0,-1,0
2020-03-25,148.910004,154.330002,144.440002,146.919998,145.776993,75638200,,142.0442612,,7.15495428,0.521698903,0,0,-1,0
2020-03-26,148.399994,156.660004,148.369995,156.110001,154.895493,64568100,,143.7359971,,8.032858918,1.389230909,-1,0,-1,-1
2020-03-27,151.75,154.889999,149.199997,149.699997,148.535355,57042300,158.4051573,142.8300981,-1,6.695893446,0.85205312,0,0,-1,-1
2020-03-30,152.440002,160.600006,150.009995,160.229996,158.983444,63420300,157.5910368,145.2917955,-1,7.689913622,1.780468439,-1,0,-1,-1
2020-03-31,159.399994,164.779999,156.559998,157.710007,156.483047,77927200,156.6315595,146.3971269,-1,8.467063324,1.191194599,-1,0,-1,-1
2020-04-01,153,157.75,150.820007,152.110001,150.92662,57969900,155.4683469,147.5590165,-1,8.178408238,0.411767596,0,0,-1,-1
2020-04-02,151.860001,155.479996,150.360001,155.259995,154.052109,49630700,154.5039096,148.8042527,-1,8.118007946,0.646446312,0,0,-1,-1
2020-04-03,155.100006,157.380005,152.190002,153.830002,152.63324,41243300,153.6849974,150.4394334,-1,6.865537515,0.319538943,0,0,-1,-1
2020-04-06,160.320007,166.5,157.580002,165.270004,163.984238,67111700,153.4991214,153.3456483,-1,5.601917849,1.899097771,-1,0,-1,-1
2020-04-07,169.589996,170,163.259995,163.490005,162.218079,62769000,153.3476424,154.8488618,1,5.779416671,1.275079756,-1,0,-1,-1
2020-04-08,165.669998,166.669998,163.5,165.130005,163.845306,48318200,153.1809492,156.6556931,1,5.442688518,1.320967179,-1,0,-1,-1
2020-04-09,166.360001,167.369995,163.330002,165.139999,163.85524,51431800,153.4111443,157.5516678,1,5.843450173,1.078741499,-1,0,-1,-1
2020-04-13,164.350006,165.570007,162.300003,165.509995,164.222351,41905300,153.5272227,159.1203674,1,5.227163272,0.976052083,0,0,-1,-1
2020-04-14,169,173.75,168,173.699997,172.348633,52874300,153.5573197,160.4568863,1,6.691740829,1.777078193,-1,0,-1,-1
2020-04-15,171.199997,173.570007,169.240005,171.880005,170.542801,40940800,153.8010748,161.8628617,1,7.220196721,1.202174904,-1,0,-1,-1
2020-04-16,174.300003,177.279999,172.899994,177.039993,175.662643,50479600,154.0157247,164.336464,1,7.294036104,1.552799964,-1,0,-1,-1
2020-04-17,179.5,180,175.869995,178.600006,177.210526,52765600,154.4235276,166.6523057,1,7.342183682,1.438021814,-1,0,-1,-1
2020-04-20,176.630005,178.75,174.990005,175.059998,173.698074,36669600,154.8696956,168.7587891,1,5.714551365,0.864334676,0,0,-1,-1
2020-04-21,173.5,173.669998,166.110001,167.820007,166.514404,56203700,155.4385692,169.0118057,1,5.532787403,-0.451382191,0,1,0,0
2020-04-22,171.389999,174,170.820007,173.520004,172.170059,34651600,155.8553019,170.0070037,1,5.048886333,0.428422261,0,0,-1,0
2020-04-23,174.110001,175.059998,170.910004,171.419998,170.08638,32790800,156.4436885,170.6311111,1,4.56515742,-0.119323618,0,1,0,0
2020-04-24,172.059998,174.559998,170.710007,174.550003,173.192032,34305300,157.6174851,171.5647903,1,3.936923201,0.413328281,0,0,-1,0
2020-04-27,176.589996,176.899994,173.300003,174.050003,172.695923,33194400,158.120871,172.4121475,1,2.9754959,0.095370825,0,0,-1,0
2020-04-28,175.589996,175.669998,169.389999,169.809998,168.488922,34392700,159.2582861,172.0261764,1,3.224560435,-1.096972586,1,1,0,1
2020-04-29,173.220001,177.679993,171.880005,177.429993,176.049622,51286600,160.278949,172.5768585,1,3.408083759,1.018978331,-1,0,-1,-1
2020-04-30,180,180.399994,176.229996,179.210007,177.815781,53875900,161.5625509,172.7921723,1,3.681725997,1.364471094,-1,0,-1,-1
2020-05-01,175.800003,178.639999,174.009995,174.570007,173.211899,39370500,162.6162893,172.3923096,1,3.350810451,0.244594379,0,0,-1,-1
2020-05-04,174.490005,179,173.800003,178.839996,177.448639,30372900,163.9885295,172.7673661,1,3.704444008,1.263691094,-1,0,-1,-1
2020-05-05,180.619995,183.649994,179.899994,180.759995,179.353729,36839200,165.4695842,174.0512986,1,3.516658187,1.507803749,-1,0,-1,-1
2020-05-06,182.080002,184.199997,181.630005,182.539993,181.119873,32139300,166.6007152,174.94628,1,4.078639858,1.513640139,-1,0,-1,-1
2020-05-07,184.169998,184.550003,182.580002,183.600006,182.171631,28316000,167.8138698,176.1548051,1,4.264836427,1.41079875,-1,0,-1,-1
2020-05-08,184.979996,185,183.360001,184.679993,183.24321,30912600,168.7587937,177.1599229,1,4.655514166,1.306684264,-1,0,-1,-1
2020-05-11,183.149994,187.509995,182.850006,186.740005,185.287201,30892700,169.9838552,178.4190507,1,5.003727893,1.372606674,-1,0,-1,-1
2020-05-12,186.800003,187.039993,182.300003,182.509995,181.090103,32038200,170.7207438,179.6791688,1,3.620677094,0.389687941,0,0,-1,-1
2020-05-13,182.550003,184.050003,176.539993,179.75,178.351578,44711500,171.4496949,179.9093644,1,3.43256805,-0.453825351,0,1,0,0
2020-05-14,177.539993,180.690002,175.679993,180.529999,179.125519,41873900,172.3896582,180.0403382,1,3.368192584,-0.271605372,0,1,0,0
2020-05-15,179.059998,187.059998,177,183.160004,181.735046,46610400,173.3124227,180.8926529,1,2.382401699,0.353589867,0,0,-1,0
2020-05-18,185.75,186.199997,183.960007,184.910004,183.471436,35306600,174.3403626,181.4949326,1,2.166513401,0.912296872,0,0,-1,0
2020-05-19,185.029999,186.600006,183.490005,183.630005,182.201401,26799100,174.9476014,181.7796998,1,2.037085173,0.207012061,0,0,-1,0
2020-05-20,184.809998,185.850006,183.940002,185.660004,184.728653,31261300,175.6979538,182.1405778,1,2.218760121,1.166451107,-1,0,-1,-1
2020-05-21,185.399994,186.669998,183.289993,183.429993,182.509842,29119500,176.320105,182.1743989,1,2.221861616,0.150973894,0,0,-1,-1
2020-05-22,183.190002,184.460007,182.539993,183.509995,182.589432,20826900,176.9445781,182.1090211,1,2.196390324,0.218727471,0,0,-1,-1
2020-05-26,186.339996,186.5,181.100006,181.570007,180.65918,36073600,177.4924724,181.646219,1,1.922860369,-0.513318084,0,1,0,0
2020-05-27,180.199997,181.990005,176.600006,181.809998,180.897964,39517100,177.7774501,181.6270051,1,1.929981485,-0.377745126,0,1,0,0
2020-05-28,180.740005,184.149994,180.380005,181.399994,180.490021,33810200,178.1090241,181.8408494,1,1.620372835,-0.83365283,0,1,0,0
2020-05-29,182.729996,184.270004,180.410004,183.25,182.33075,42146700,178.3312943,182.1613725,1,1.311068519,0.129190426,0,0,-1,0
2020-06-01,182.539993,183,181.460007,182.830002,181.912857,22622400,178.4880387,182.1791536,1,1.305839447,-0.20392752,0,1,0,0
2020-06-02,184.25,185,181.350006,184.910004,183.982422,30794600,178.8308503,182.2302522,1,1.370426633,1.278557902,-1,0,-1,-1
2020-06-03,184.820007,185.940002,183.580002,185.360001,184.430161,27311000,179.4280422,182.4531282,1,1.53639736,1.286797838,-1,0,-1,-1
2020-06-04,184.300003,185.839996,182.300003,182.919998,182.002396,28761800,179.7557868,182.1805025,1,1.313458129,-0.135601201,0,1,0,0
2020-06-05,182.619995,187.729996,182.009995,187.199997,186.260925,39893600,180.2949383,182.5556108,1,1.845741983,2.007493049,-1,0,-1,-1
2020-06-08,185.940002,188.550003,184.440002,188.360001,187.4151,33211600,180.7690405,183.0381776,1,2.402444483,1.821862037,-1,0,-1,-1
2020-06-09,188,190.699997,187.259995,189.800003,188.8479,29783900,181.3074398,183.8570496,1,2.854497167,1.748416659,-1,0,-1,-1
2020-06-10,191.130005,198.520004,191.009995,196.839996,195.85257,43872300,182.2195614,185.3525102,1,4.547351912,2.309049311,-1,0,-1,-1
2020-06-11,193.130005,195.759995,186.070007,186.270004,185.335602,52854700,182.529094,185.8370683,1,4.217874713,-0.118890753,0,1,0,0
2020-06-12,190.539993,191.720001,185.179993,187.740005,186.798218,43373600,182.8285086,186.2838151,1,4.037985163,0.127390983,0,0,-1,0
2020-06-15,184.580002,190.820007,184.009995,188.940002,187.992203,32770200,183.3211854,186.8917497,1,3.754484538,0.293103697,0,0,-1,0
2020-06-16,192.889999,195.580002,191.460007,193.570007,192.598984,42556700,183.8261969,187.7534059,1,3.993734105,1.21329512,-1,0,-1,-1
2020-06-17,195.029999,196.320007,193.690002,194.240005,193.265625,25687800,184.2899268,188.6369523,1,4.151081107,1.115052339,-1,0,-1,-1
2020-06-18,194,196.490005,194,196.320007,195.33519,23061600,184.7637707,189.9702317,1,3.917992409,1.369313092,-1,0,-1,-1
2020-06-19,198.589996,199.289993,194.369995,195.149994,194.171036,44441100,185.1637508,190.7612428,1,3.884253047,0.877850428,0,0,-1,-1
2020-06-22,195.789993,200.759995,195.229996,200.570007,199.563873,32818900,185.7077729,191.9761201,1,4.562128571,1.663204529,-1,0,-1,-1
2020-06-23,202.089996,203.949997,201.429993,201.910004,200.897141,30917400,186.2281043,193.1810442,1,5.191848161,1.486194619,-1,0,-1,-1
2020-06-24,201.600006,203.25,196.559998,197.839996,196.847549,36740600,186.7533525,193.2805421,1,5.257849105,0.678415608,0,0,-1,-1
2020-06-25,197.800003,200.610001,195.470001,200.339996,199.335007,27803900,187.4528001,194.6804826,1,4.746237492,0.980676675,0,0,-1,-1
2020-06-26,199.729996,199.889999,194.880005,196.330002,195.345123,54675800,187.9934536,195.5351731,1,3.854976957,-0.049299932,0,0,0,0
2020-06-29,195.779999,198.529999,193.550003,198.440002,197.44455,26701600,188.5171037,196.4804078,1,2.819816028,0.341916703,0,0,-1,0
2020-06-30,197.880005,204.399994,197.740005,203.509995,202.489105,34310300,189.151026,197.4694199,1,3.033512886,1.654743292,-1,0,-1,-1
2020-07-01,203.139999,206.350006,201.770004,204.699997,203.673141,32061200,189.8667507,198.5101715,1,3.21113391,1.607833757,-1,0,-1,-1
2020-07-02,205.679993,208.020004,205,206.259995,205.225311,29315800,190.5499726,199.4991836,1,3.621441863,1.58117336,-1,0,-1,-1
2020-07-06,208.830002,211.130005,208.089996,210.699997,209.643036,31897600,191.4544124,201.0463836,1,4.328251851,1.986171946,-1,0,-1,-1
2020-07-07,210.449997,214.669998,207.990005,208.25,207.205322,33600700,192.2749421,201.8105285,1,4.696327017,1.148726117,-1,0,-1,-1
2020-07-08,210.070007,213.259995,208.690002,212.830002,211.76236,33600000,193.3117147,202.8970504,1,5.626314781,1.575686741,-1,0,-1,-1
2020-07-09,216.330002,216.380005,211.470001,214.320007,213.244904,33121700,194.3899461,204.5367859,1,6.041459021,1.441393225,-1,0,-1,-1
2020-07-10,213.619995,214.080002,211.080002,213.669998,212.598145,26177600,195.4602169,205.8630997,1,6.22565452,1.081821241,-1,0,-1,-1
2020-07-13,214.479996,215.800003,206.5,207.070007,206.03125,38135600,196.2502335,206.9317124,1,5.020071684,-0.179372419,0,1,0,0
2020-07-14,206.130005,208.850006,202.029999,208.350006,207.30484,37591800,197.096633,207.9177414,1,3.759735797,-0.163017146,0,1,0,0
2020-07-15,209.559998,211.330002,205.029999,208.039993,206.996368,32179400,197.8637645,208.3684677,1,3.275630782,-0.418881062,0,1,0,0
2020-07-16,205.399994,205.699997,202.309998,203.919998,202.897049,29940700,198.4793274,208.2908585,1,3.405843199,-1.583692843,1,1,0,1
2020-07-17,204.470001,205.039993,201.389999,202.880005,201.862274,31635300,199.1413234,207.9545548,1,3.875794205,-1.57187933,1,1,0,1
2020-07-20,205,212.300003,203.009995,211.600006,210.538528,36884800,199.9505768,208.044104,1,3.929118994,0.634855805,0,0,-1,0
2020-07-21,213.660004,213.940002,208.029999,208.75,207.70282,38105800,200.6268341,208.0938538,1,3.920458501,-0.099741854,0,1,0,0
2020-07-22,209.199997,212.300003,208.389999,211.75,210.687775,49605700,201.35483,207.9863953,1,3.822229859,0.706754905,0,0,-1,0
2020-07-23,207.190002,210.919998,202.149994,202.539993,201.523972,67457000,201.5438767,206.8143021,1,3.827647179,-1.382136297,1,1,0,1
2020-07-24,200.419998,202.860001,197.509995,201.300003,200.290207,39827000,202.0423635,205.5835083,1,3.738989625,-1.415703661,1,1,0,1
2020-07-27,201.470001,203.970001,200.860001,203.850006,202.827408,30160900,202.5766699,205.2631241,1,3.832457097,-0.635549476,0,1,0,1
2020-07-28,203.610001,204.699997,201.740005,202.020004,201.006592,23251400,203.0104828,204.6332993,1,3.974533034,-0.91248639,0,1,0,1
2020-07-29,202.5,204.649994,202.009995,204.059998,203.036346,19632600,203.3583949,204.2372971,1,3.909677513,-0.307173954,0,1,0,1
2020-07-30,201,204.460007,199.570007,203.899994,202.877151,25079600,203.6787791,204.2353073,1,3.9104404,-0.347315433,0,1,0,1
2020-07-31,204.399994,205.100006,199.009995,205.009995,203.981583,51248000,203.9669922,204.4472382,1,3.824015328,-0.121771269,0,1,0,1
2020-08-03,211.520004,217.639999,210.440002,216.539993,215.453751,78983000,204.676416,204.9387605,1,4.86748178,2.160252668,-1,0,-1,-1
2020-08-04,214.169998,214.770004,210.309998,213.289993,212.220047,49280100,205.0982885,205.3904832,1,5.339246556,1.279125009,-1,0,-1,-1
2020-08-05,214.899994,215,211.570007,212.940002,211.871811,28858600,205.4641108,205.5088868,1,5.481018758,1.160901738,-1,0,-1,-1
2020-08-06,212.339996,216.369995,211.550003,216.350006,215.264709,32656800,206.0780162,206.8829605,1,6.062542876,1.382546676,-1,0,-1,-1
2020-08-07,214.850006,215.699997,210.929993,212.479996,211.414124,27820400,206.4806534,207.9953522,1,5.729870331,0.596657795,0,0,-1,-1
2020-08-10,211.669998,211.880005,206.350006,208.25,207.205322,36716500,206.8759934,208.4331436,1,5.451631901,-0.225220929,0,1,0,0
2020-08-11,207.160004,207.649994,203.139999,203.380005,202.359772,36446500,207.0398341,208.5684616,1,5.260245852,-1.180304072,1,1,0,1
2020-08-12,205.289993,210.279999,204.75,209.190002,208.140625,28041400,207.2282181,209.0788895,1,4.899036782,-0.191520199,0,1,0,1
2020-08-13,209.440002,211.350006,208.149994,208.699997,207.653061,22588900,207.3608821,209.5564805,1,4.438412472,-0.428851422,0,1,0,1
2020-08-14,208.759995,209.589996,207.509995,208.899994,207.852066,17958900,207.4484406,209.9435288,1,4.050007273,-0.516409641,0,1,0,1
2020-08-17,209.600006,211.190002,208.919998,210.279999,209.225143,20184800,207.4345108,209.320668,1,3.557417976,-0.026852341,0,0,0,0
2020-08-18,210.529999,212.360001,209.210007,211.490005,210.429092,21336200,207.5419698,209.1415725,1,3.438320926,0.3744617,0,0,-1,0
2020-08-19,211.490005,212.100006,209.25,209.699997,209.15242,27627600,207.4549718,208.8696334,1,3.303278906,0.085607848,0,0,-1,0
2020-08-20,209.539993,215,208.910004,214.580002,214.019684,26981500,207.4807978,208.7451309,1,3.049150779,1.729843318,-1,0,-1,-1
2020-08-21,213.860001,216.25,212.850006,213.020004,212.46376,36249300,207.4763183,208.8500945,1,3.167024347,1.141028645,-1,0,-1,-1
2020-08-24,214.789993,215.520004,212.429993,213.690002,213.132004,25460100,207.7130101,209.4427627,1,3.372887081,1.093793303,-1,0,-1,-1
2020-08-25,213.100006,216.610001,213.100006,216.470001,215.904755,23043700,207.999674,210.797261,1,2.898835708,1.7619122,-1,0,-1,-1
2020-08-26,217.880005,222.089996,217.360001,221.149994,220.572525,39600800,208.4522125,212.040451,1,4.064372219,2.09923539,-1,0,-1,-1
2020-08-27,222.889999,231.149994,219.399994,226.580002,225.988358,57602200,209.2219228,213.8739807,1,5.679873833,2.132860281,-1,0,-1,-1
2020-08-28,228.179993,230.639999,226.580002,228.910004,228.312271,26292900,210.1035894,215.9200012,1,6.836889092,1.812559723,-1,0,-1,-1
2020-08-31,227,228.699997,224.309998,225.529999,224.941086,28774200,210.5836747,217.4915955,1,6.932589947,1.074560959,-1,0,-1,-1
2020-09-01,225.509995,227.449997,224.429993,227.270004,226.676559,25791200,211.2161326,219.1163422,1,6.997093133,1.080479659,-1,0,-1,-1
2020-09-02,227.970001,232.860001,227.350006,231.649994,231.045105,34080800,211.8947103,221.3056107,1,6.957972896,1.39976031,-1,0,-1,-1
2020-09-03,229.270004,229.309998,214.960007,217.300003,216.73259,58400300,212.4016642,221.5769013,1,6.690061335,-0.724105663,0,1,0,0
2020-09-04,215.100006,218.360001,205.190002,214.25,213.690552,59664100,212.8483424,221.6995805,1,6.513293629,-1.229643396,1,1,0,1
2020-09-08,206.5,210.029999,202.199997,202.660004,202.130814,52924300,212.8251226,220.5994615,1,8.687395609,-2.125913028,1,1,0,1
2020-09-09,207.600006,214.839996,206.699997,211.289993,210.738266,45679000,213.1495117,220.0828126,1,9.139482291,-1.022437191,1,1,0,1
2020-09-10,213.399994,214.740005,204.110001,205.369995,204.833725,35461500,213.2094244,218.5089326,1,10.32416314,-1.324582672,1,1,0,1
2020-09-11,207.199997,208.630005,201.240005,204.029999,203.497238,33620100,213.2300939,216.2598206,1,10.94490863,-1.166074842,1,1,0,1
2020-09-14,204.240005,209.199997,204.029999,205.410004,204.873627,30375800,213.2598287,213.9159562,1,10.58072705,-0.854603768,0,1,0,1
2020-09-15,208.419998,209.779999,206.929993,208.779999,208.234833,21823900,213.0191981,212.2453309,-1,9.946399957,-0.403211003,0,1,0,1
2020-09-16,210.619995,210.649994,204.639999,205.050003,204.514572,26328100,212.762349,210.0291322,-1,8.773487656,-0.628548237,0,1,0,1
2020-09-17,200.050003,204.330002,199.960007,202.910004,202.380157,34011300,212.4459605,207.1626374,-1,5.026977834,-0.951362938,0,1,0,1
2020-09-18,202.800003,203.649994,196.25,200.389999,199.86673,55225300,211.9326945,205.4760514,-1,4.224730155,-1.327734836,1,1,0,1
2020-09-21,197.190002,202.710007,196.380005,202.539993,202.011124,39839700,211.6192612,204.3081086,-1,3.188902666,-0.720305648,0,1,0,1
2020-09-22,205.059998,208.100006,202.080002,207.419998,206.878372,33517100,211.6083629,204.7828644,-1,3.182130896,0.658523382,0,0,-1,0
2020-09-23,207.899994,208.100006,200.029999,200.589996,200.066208,30803800,211.5319107,203.7156586,-1,2.718749111,-1.342327096,1,1,0,1
2020-09-24,199.850006,205.570007,199.199997,203.190002,202.659424,31202500,211.349204,203.4982285,-1,2.706313013,-0.309943638,0,1,0,1
2020-09-25,203.550003,209.039993,202.539993,207.820007,207.277344,29437300,211.3366801,203.8762391,-1,2.958414815,1.149637597,-1,0,-1,-1
2020-09-28,210.880005,212.570007,208.059998,209.440002,208.893112,32004900,211.3713817,204.2781876,-1,3.35540309,1.375371088,-1,0,-1,-1
2020-09-29,209.350006,210.070007,206.809998,207.259995,206.718796,24221900,211.2878368,204.1265839,-1,3.186782752,0.813426048,0,0,-1,-1
2020-09-30,207.729996,211.979996,206.539993,210.330002,209.780777,33829100,211.2662263,204.6532044,-1,3.658268141,1.401639356,-1,0,-1,-1
2020-10-01,213.490005,213.990005,211.320007,212.460007,211.905228,27158400,211.3579865,205.6057115,-1,4.200512352,1.499701934,-1,0,-1,-1
2020-10-02,208,210.990005,205.539993,206.190002,205.651596,33154800,211.0790503,206.1841981,-1,3.689601988,-0.144352183,0,1,0,0
2020-10-05,207.220001,210.410004,206.979996,210.380005,209.830658,21331600,210.9912802,206.9661515,-1,3.532170825,0.810976208,0,0,-1,0
2020-10-06,208.820007,210.179993,204.820007,205.910004,205.37233,28554300,210.7326244,206.8155473,-1,3.568252328,-0.40446055,0,1,0,0
2020-10-07,207.059998,210.110001,206.720001,209.830002,209.282089,25681100,210.5118689,207.7371354,-1,2.720882676,0.567813384,0,0,-1,0
2020-10-08,210.509995,211.190002,208.320007,210.580002,210.030136,19925800,210.1604559,208.4742066,-1,2.125788271,0.73193056,0,0,-1,0
2020-10-09,211.229996,215.860001,211.229996,215.809998,215.246475,26458000,209.8023931,209.2711197,-1,2.958062734,2.020023183,-1,0,-1,-1
2020-10-12,218.789993,223.860001,216.809998,221.399994,220.821869,40461400,209.5527131,210.4639954,1,4.68802981,2.209429978,-1,0,-1,-1
2020-10-13,222.720001,225.210007,220.429993,222.860001,222.278061,28950800,209.4639456,212.0199219,1,5.765174819,1.779328368,-1,0,-1,-1
2020-10-14,223,224.220001,219.130005,220.860001,220.283279,23451700,209.2508362,213.0701721,1,6.248326105,1.154406281,-1,0,-1,-1
2020-10-15,217.100006,220.360001,216.009995,219.660004,219.086426,22733100,208.8522136,213.7882919,1,6.506880698,0.814235629,0,0,-1,-1
2020-10-16,220.149994,222.289993,219.320007,219.660004,219.086426,26057900,208.9306748,215.1317749,1,6.008053917,0.658224968,0,0,-1,-1
2020-10-19,220.419998,222.300003,213.720001,214.220001,213.660629,27625800,208.9296774,215.514772,1,5.749067257,-0.322511969,0,1,0,0
2020-10-20,215.800003,217.369995,213.089996,214.649994,214.089493,22753500,209.3283,216.3864883,1,4.582931696,-0.501206532,0,1,0,0
2020-10-21,213.119995,216.919998,213.119995,214.800003,214.23912,22724900,209.4449951,216.8821914,1,3.954053503,-0.668446038,0,1,0,0
2020-10-22,213.929993,216.059998,211.699997,214.889999,214.328873,22351500,209.7615001,217.3120651,1,3.307091868,-0.902059035,0,1,0,0
2020-10-23,215.029999,216.279999,213.160004,216.229996,215.665375,18879600,210.1671046,217.3539551,1,3.280567155,-0.514722004,0,1,0,0
2020-10-26,213.850006,216.339996,208.100006,210.080002,209.531433,37111600,210.3223648,216.2249115,1,3.848190317,-1.739383437,1,1,0,1
2020-10-27,211.589996,214.669998,210.330002,213.25,212.693161,36700300,210.4709758,215.2664215,1,3.332045257,-0.772276575,0,1,0,1
2020-10-28,207.669998,208.839996,202.100006,202.679993,202.150757,51195600,210.3921819,213.4531693,1,4.875057732,-2.318416093,1,1,0,1
2020-10-29,204.070007,207.360001,203.369995,204.720001,204.185425,31432600,210.4523575,211.9630692,1,5.226526479,-1.488109595,1,1,0,1
2020-10-30,203.5,204.289993,199.619995,202.470001,201.941315,36953700,210.5215104,210.2485581,-1,5.438004877,-1.527627004,1,1,0,1
2020-11-02,204.289993,205.279999,200.119995,202.330002,201.801666,30842200,210.5145284,209.0626618,-1,5.885871325,-1.23363142,1,1,0,1
2020-11-03,203.889999,208.119995,203.119995,206.429993,205.890961,27512000,210.4816147,208.2428086,-1,5.67509562,-0.414415502,0,1,0,1
2020-11-04,214.020004,218.320007,212.419998,216.389999,215.824951,42311800,211.0069062,208.4013917,-1,5.879739598,1.262565999,-1,0,-1,-1
2020-11-05,222.039993,224.119995,221.149994,223.289993,222.70694,36080100,211.6751567,209.2391984,-1,7.254397261,1.856493533,-1,0,-1,-1
2020-11-06,222.259995,224.360001,218.029999,223.720001,223.135818,25231900,212.2037725,209.9862427,-1,8.299103401,1.58445734,-1,0,-1,-1
2020-11-09,224.440002,228.119995,217.880005,218.389999,217.819733,44395000,212.5013265,210.8150727,-1,8.654884183,0.809330333,0,0,-1,-1
2020-11-10,214.5,216.5,209.720001,211.009995,210.459,44045100,212.626,210.5916566,-1,8.629816572,-0.015371891,0,0,0,0
2020-11-11,212.389999,218.039993,212.199997,216.550003,215.984543,29440800,212.8327922,211.9750352,-1,8.225709566,0.487436101,0,0,-1,0
2020-11-12,217.210007,219.110001,214.460007,215.440002,214.877441,21593900,212.931866,213.0442368,1,7.783705862,0.235518175,0,0,-1,0
2020-11-13,216.360001,217.419998,214.160004,216.509995,215.944641,18621100,213.2749675,214.4445694,1,6.756090673,0.222032485,0,0,-1,0
2020-11-16,214.869995,217.740005,214.520004,217.229996,216.662766,24953300,213.5027044,215.9306794,1,5.0967856,0.143636923,0,0,-1,0
2020-11-17,216.100006,217.679993,214.080002,214.460007,213.900009,24154100,213.7869604,216.7315842,1,3.810922939,-0.743015602,0,1,0,0
2020-11-18,213.649994,215.169998,210.929993,211.080002,211.080002,28372800,213.8468908,216.2570893,1,4.210768554,-1.229487499,1,1,0,1
2020-11-19,211.380005,213.029999,209.929993,212.419998,212.419998,24792700,213.9265529,215.2283951,1,3.68353279,-0.762419465,0,1,0,1
2020-11-20,212.199997,213.289993,210,210.389999,210.389999,22843100,213.7646703,213.9538132,1,2.723414402,-1.308583151,1,1,0,1
2020-11-23,210.949997,212.289993,208.160004,210.110001,210.110001,25683500,213.4076081,213.18284,-1,2.595689453,-1.183823818,1,1,0,1
2020-11-24,209.589996,214.25,208.860001,213.860001,213.860001,33979700,213.1270061,213.5229401,1,2.415712353,0.139528574,0,0,-1,0
2020-11-25,215.110001,215.289993,212.460007,213.869995,213.869995,21012900,212.9132299,213.3114853,1,2.264087319,0.246682049,0,0,-1,0
2020-11-27,214.850006,216.270004,214.039993,215.229996,215.229996,14512200,212.7846823,213.3467408,1,2.293732015,0.821044127,0,0,-1,0
2020-11-30,214.100006,214.759995,210.839996,214.070007,214.070007,33064800,212.6174683,213.1592774,1,2.128470038,0.427879925,0,0,-1,0
2020-12-01,214.509995,217.320007,213.350006,216.210007,216.210007,30931300,212.7024476,213.1140015,1,2.048996556,1.510986191,-1,0,-1,-1
2020-12-02,214.880005,215.470001,212.800003,215.369995,215.369995,23724500,212.745131,213.2610001,1,2.161303489,0.975797666,0,0,-1,-1
2020-12-03,214.610001,216.380005,213.649994,214.240005,214.240005,25120900,212.7451605,213.5770004,1,2.03426839,0.325917958,0,0,-1,-1
2020-12-04,214.220001,215.380005,213.179993,214.360001,214.360001,24666000,212.7461981,213.7710007,1,2.003949023,0.293919802,0,0,-1,-1
2020-12-07,214.369995,215.539993,212.990005,214.289993,214.289993,24620000,212.700352,214.1610001,1,1.614499935,0.079896504,0,0,-1,-1
2020-12-08,213.970001,216.949997,212.889999,216.009995,216.009995,23284100,212.9163041,214.7509995,1,0.881077993,1.428926281,-1,0,-1,-1
2020-12-09,215.160004,215.229996,211.210007,211.800003,211.800003,32440600,212.8865321,214.5449997,1,1.268280932,-2.164344374,1,1,0,1
2020-12-10,211.770004,213.080002,210.360001,210.520004,210.520004,26733300,213.165507,214.2100006,1,1.798133099,-2.052126509,1,1,0,1
2020-12-11,210.050003,213.320007,209.110001,213.259995,213.259995,30979400,213.4679927,214.0130005,1,1.781808489,-0.422607427,0,1,0,1
2020-12-14,213.100006,216.210007,212.880005,214.199997,214.199997,28798400,213.8766154,214.0259995,1,1.782744502,0.097600918,0,0,-1,0
2020-12-15,215.169998,215.419998,212.240005,214.130005,214.130005,27018100,214.2875601,213.8179993,-1,1.612861128,0.193448583,0,0,-1,0
2020-12-16,214.75,220.110001,214.720001,219.279999,219.279999,35023300,214.7338613,214.2089997,-1,2.340651052,2.166490941,-1,0,-1,-1
2020-12-17,219.869995,220.889999,217.919998,219.419998,219.419998,32515800,214.8536962,214.726999,-1,2.863139988,1.639109167,-1,0,-1,-1
2020-12-18,218.589996,219.690002,216.020004,218.589996,218.589996,63354900,214.7164648,215.1499985,1,3.105137461,1.107840649,-1,0,-1,-1
2020-12-21,217.550003,224,217.279999,222.589996,222.589996,37181900,214.6982707,215.9799988,1,3.865831177,1.709851491,-1,0,-1,-1
2020-12-22,222.690002,225.630005,221.850006,223.940002,223.940002,22612200,214.9022797,216.7729995,1,4.613676604,1.553425416,-1,0,-1,-1
2020-12-23,223.110001,223.559998,220.800003,221.020004,221.020004,18699600,215.2543131,217.6949996,1,4.426932942,0.751085332,0,0,-1,-1
2020-12-24,221.419998,223.610001,221.199997,222.75,222.75,10550600,215.4798284,218.9179992,1,3.880074519,0.987610104,0,0,-1,-1
2020-12-28,224.449997,226.029999,223.020004,224.960007,224.960007,17933500,215.8159139,220.0880004,1,3.746088672,1.300558269,-1,0,-1,-1
2020-12-29,226.309998,227.179993,223.580002,224.149994,224.149994,17403200,216.0894257,221.0830001,1,3.303694683,0.928352706,0,0,-1,-1
2020-12-30,225.229996,225.630005,221.470001,221.679993,221.679993,20272300,216.2566666,221.8379989,1,2.224650155,-0.071025055,0,1,0,0
2020-12-31,221.699997,223,219.679993,222.419998,222.419998,20926900,216.5406662,222.1519988,1,2.037182556,0.131553846,0,0,-1,0
2021-01-04,222.529999,223,214.809998,217.690002,217.690002,37130100,216.7609995,221.9789992,1,2.345144235,-1.828884184,1,1,0,1
2021-01-05,217.259995,218.520004,215.699997,217.899994,217.899994,23823000,216.9436661,221.909999,1,2.463120058,-1.628018491,1,1,0,1
2021-01-06,212.169998,216.490005,211.940002,212.25,212.25,35930700,217.0056661,220.8759994,1,3.89820866,-2.212811102,1,1,0,1
2021-01-07,214.039993,219.339996,213.710007,218.289993,218.289993,27694500,217.2783325,220.3109985,1,3.813300318,-0.529988548,0,1,0,1
2021-01-08,218.679993,220.580002,217.029999,219.619995,219.619995,22949400,217.4703323,220.1709976,1,3.810076236,-0.144617211,0,1,0,1
2021-01-11,218.470001,218.910004,216.729996,217.490005,217.490005,23047000,217.5909993,219.6449981,1,3.777415953,-0.57049399,0,1,0,1
2021-01-12,216.5,217.100006,213.320007,214.929993,214.929993,23249300,217.5809992,218.6419967,1,3.533045223,-1.050652756,1,1,0,1
2021-01-13,214.020004,216.759995,213.929993,216.339996,216.339996,20087100,217.6566655,217.8609969,1,3.003761402,-0.506365419,0,1,0,1
2021-01-14,215.910004,217.460007,212.740005,213.020004,213.020004,29480800,217.5503321,216.994998,-1,3.028644419,-1.312466388,1,1,0,1
2021-01-15,213.520004,214.509995,212.029999,212.649994,212.649994,31691500,217.4596654,216.0179976,-1,2.634331458,-1.278504111,1,1,0,1
2021-01-19,213.75,216.979996,212.630005,216.440002,216.440002,30480900,217.5329986,215.8929976,-1,2.575171172,0.212414773,0,0,-1,0
2021-01-20,217.699997,225.789993,217.289993,224.339996,224.339996,37777300,217.8656651,216.5369978,-1,3.694740164,2.111920691,-1,0,-1,-1
2021-01-21,224.699997,226.300003,222.419998,224.970001,224.970001,30749600,218.2216654,217.8089979,-1,4.208685387,1.701482159,-1,0,-1,-1
2021-01-22,227.080002,230.070007,225.800003,225.949997,225.949997,30124900,218.5529988,218.5749983,1,4.939570811,1.493044433,-1,0,-1,-1
2021-01-25,229.119995,229.779999,224.220001,229.529999,229.529999,33152100,219.1439986,219.5659987,1,6.043301549,1.648767684,-1,0,-1,-1
2021-01-26,231.860001,234.179993,230.080002,232.330002,232.330002,49169600,219.8709986,221.0499984,1,7.190123796,1.568819108,-1,0,-1,-1
2021-01-27,238,240.440002,230.139999,232.899994,232.899994,69870600,220.5256652,222.8469985,1,7.716913299,1.302722359,-1,0,-1,-1
2021-01-28,235.610001,242.639999,235.089996,238.929993,238.929993,49111200,221.3499984,225.1059982,1,8.827026628,1.566098686,-1,0,-1,-1
2021-01-29,235.990005,238.020004,231.350006,231.960007,231.960007,42468900,221.9443318,226.9999985,1,7.932222621,0.625298701,0,0,-1,-1
2021-02-01,235.059998,242.5,232.429993,239.649994,239.649994,33314200,222.6233316,229.6999985,1,7.051250152,1.411096655,-1,0,-1,-1
2021-02-02,241.300003,242.309998,238.690002,239.509995,239.509995,25916300,223.2929982,232.0069978,1,5.912953998,1.268908434,-1,0,-1,-1
2021-02-03,239.570007,245.089996,239.259995,243,243,27158100,224.106665,233.8729982,1,6.16361033,1.480788258,-1,0,-1,-1
2021-02-04,242.660004,243.240005,240.369995,242.009995,242.009995,25296100,224.7539983,235.5769976,1,5.771790102,1.114558445,-1,0,-1,-1
2021-02-05,242.229996,243.279999,240.419998,242.199997,242.199997,18043900,225.3626648,237.2019976,1,4.995562246,1.000487864,-1,0,-1,-1
2021-02-08,243.149994,243.679993,240.809998,242.470001,242.470001,22211900,226.0776647,238.4959978,1,4.431562447,0.896749904,0,0,-1,-1
2021-02-09,241.869995,244.759995,241.380005,243.770004,243.770004,23565000,226.7783315,239.639998,1,4.129258531,1.000181018,-1,0,-1,-1
2021-02-10,245,245.919998,240.889999,242.820007,242.820007,22186700,227.3736648,240.6319993,1,3.468927494,0.63074472,0,0,-1,-1
2021-02-11,244.779999,245.149994,242.149994,244.490005,244.490005,15742200,228.0516652,241.1880005,1,3.608587456,0.91504073,0,0,-1,-1
2021-02-12,243.929993,245.300003,242.729996,244.990005,244.990005,16552000,228.8286656,242.4910003,1,1.811028567,1.379881436,-1,0,-1,-1
